,shortname,name,content
0,soeknads_aar,Søknadsår,Søknadsår
1,saksbehandlende_kommune,Saksbehandlende kommune,Kommune som behandler søknaden
2,orgnr,Orgnr,Søkers organisasjonsnummer for foretak eller bedrift
3,orgnavn,Orgnavn,Navn på foretak eller bedrift
4,kommunenr,Kommunenr,Kommune hvor søkers driftssenter ligger
5,gaardsnummer,Gårdsnummer,Gardsnummer for landbrukseiendommen hvor søkers driftssenter ligger
6,bruksnummer,Bruksnummer,Bruksnummer for landbrukseiendommen hvor søkers driftssenter ligger
7,festenummer,Festenummer,Festenummer for landbrukseiendommen hvor søkers driftssenter ligger
8,fulldyrket,Fulldyrket,Sum fulldyrket areal disponert av søker
9,overflatedyrket,Overflatedyrket,Sum overflatedyrket areal disponert av søker
10,innmarksbeite,Innmarksbeite,Sum innmarksbeiteareal disponert av søker
11,totalareal,Totalareal,"Sum fulldyrket, overflatedyrket og innmarksbeiteareal disponert av søker"
12,p001,P001,"Epler, kg"
13,p002,P002,"Pærer, kg"
14,p003,P003,"Plommer, kg"
15,p004,P004,"Moreller, kg"
16,p005,P005,"Kirsebær, kg"
17,p006,P006,"Epler og pærer til press, kg"
18,p011,P011,"Jordbær, kg"
19,p012,P012,"Bringebær, kg"
20,p013,P013,"Solbær, kg"
21,p014,P014,"Rips, kg"
22,p016,P016,"Hageblåbær, kg"
23,p021,P021,"Stikkelsbær, kg"
24,p022,P022,Industribær. Av det totale antall kg bær
25,p031,P031,"Tomat, kg"
26,p032,P032,"Slangeagurk, kg"
27,p033,P033,"Salat (inkl. salat på friland) av arten Lactuca sativa, stk"
28,p060,P060,"Matpotet produsert i Nord-Norge, kg"
29,p061,P061,"Grønnsaker produsert i Nord-Norge. Ekskl. salat på friland, kg"
30,p115_vaar,P115 vår,"Hester, under 3 år"
31,p115_hoest,P115 høst,"Hester, under 3 år"
32,p116_vaar,P116 vår,"Hester, 3 år og eldre"
33,p116_hoest,P116 høst,"Hester, 3 år og eldre"
34,p118_vaar,P118 vår,Herav (av P121) kyr av minst 50 % av spesifiserte raser
35,p118_hoest,P118 høst,Herav (av P121) kyr av minst 50 % av spesifiserte raser
36,p119_vaar,P119 vår,Øvrig storfe
37,p119_hoest,P119 høst,Øvrig storfe
38,p120_vaar,P120 vår,Melkekyr
39,p120_hoest,P120 høst,Melkekyr
40,p121_vaar,P121 vår,Ammekyr
41,p121_hoest,P121 høst,Ammekyr
42,p139_vaar,P139 vår,"Melkesau, født i fjor eller tidligere"
43,p139_hoest,P139 høst,"Melkesau, født i fjor eller tidligere"
44,p140_vaar,P140 vår,Melkegeiter
45,p140_hoest,P140 høst,Melkegeiter
46,p142_vaar,P142 vår,Ammegeiter
47,p144_vaar,P144 vår,"Bukker og ungdyr, medregnet kje"
48,p144_hoest,P144 høst,"Bukker og ungdyr, medregnet kje"
49,p145_vaar,P145 vår,"Søyer, født i fjor eller tidligere."
50,p146_vaar,P146 vår,"Værer, født i fjor eller tidligere"
51,p154_vaar,P154 vår,"Smågriser, levendevekt under 20 kg eller alder inntil 8 uker"
52,p154_hoest,P154 høst,"Smågriser, levendevekt under 20 kg eller alder inntil 8 uker"
53,p155_vaar,P155 vår,Avlspurker som har fått minst ett kull
54,p155_hoest,P155 høst,Avlspurker som har fått minst ett kull
55,p156_vaar,P156 vår,Råner som er satt inn i avl
56,p156_hoest,P156 høst,Råner som er satt inn i avl
57,p157_vaar,P157 vår,"Slaktegriser, levendevekt minst 20 kg, antall på telledato. Griser påsatt til avlsdyr, levendevekt 20-50 kg"
58,p157_hoest,P157 høst,"Slaktegriser, levendevekt minst 20 kg, antall på telledato. Griser påsatt til avlsdyr, levendevekt 20-50 kg"
59,p158_vaar,P158 vår,"Ungpurker bestemt for avl, levendevekt minst 50 kg eller eldre enn 15 uker"
60,p158_hoest,P158 høst,"Ungpurker bestemt for avl, levendevekt minst 50 kg eller eldre enn 15 uker"
61,p159_vaar,P159 vår,"Ungråner bestemt for avl, levendevekt minst 50 kg eller eldre enn 15 uker"
62,p159_hoest,P159 høst,"Ungråner bestemt for avl, levendevekt minst 50 kg eller eldre enn 15 uker"
63,p161_vaar,P161 vår,"Verpehøner for konsumeggproduksjon, 20 uker og eldre"
64,p161_hoest,P161 høst,"Verpehøner for konsumeggproduksjon, 20 uker og eldre"
65,p162_hoest,P162 høst,Antall rugeegg levert til rugeri i søknadsåret
66,p168_vaar,P168 vår,"Avlsdyr av ender, kalkuner og gjess"
67,p168_hoest,P168 høst,"Avlsdyr av ender, kalkuner og gjess"
68,p174_vaar,P174 vår,"Ender, kalkuner og gjess for slakt"
69,p174_hoest,P174 høst,"Ender, kalkuner og gjess for slakt"
70,p175_vaar,P175 vår,"Livkyllinger, påsatt til verpehøns"
71,p175_hoest,P175 høst,"Livkyllinger, påsatt til verpehøns"
72,p176_vaar,P176 vår,"Slaktekyllinger, antall på telledato"
73,p176_hoest,P176 høst,"Slaktekyllinger, antall på telledato"
74,p178_vaar,P178 vår,"Hjort, 1 år og eldre"
75,p178_hoest,P178 høst,"Hjort, 1 år og eldre"
76,p179_vaar,P179 vår,"Hjort, under 1 år"
77,p179_hoest,P179 høst,"Hjort, under 1 år"
78,p180_vaar,P180 vår,Kaniner som brukes i kjøtt- eller ullproduksjon
79,p180_hoest,P180 høst,Kaniner som brukes i kjøtt- eller ullproduksjon
80,p183_vaar,P183 vår,Struts
81,p183_hoest,P183 høst,Struts
82,p184,P184,"Slaktegriser, slaktet i søknadsåret"
83,p185_hoest,P185 høst,"Livkyllinger, påsatt til verpehøns, livkalkuner, solgt inneværende år"
84,p186,P186,"Kyllinger, konvensjonelle, slaktet i søknadsåret"
85,p187,P187,"Ender, slaktet i søknadsåret"
86,p188,P188,"Kalkuner, slaktet i søknadsåret"
87,p189,P189,"Gjess, slaktet i søknadsåret"
88,p192_vaar,P192 vår,Esel
89,p192_hoest,P192 høst,Esel
90,p193_hoest,P193 høst,"Hester i pensjon i beitesesongen, antall i beitesesongen"
91,p194_hoest,P194 høst,Bifolk
92,p196_vaar,P196 vår,Lama
93,p196_hoest,P196 høst,Lama
94,p197_vaar,P197 vår,Alpakka
95,p197_hoest,P197 høst,Alpakka
96,p210,P210,"Fulldyrket eng, daa"
97,p211,P211,"Overflatedyrket eng, daa"
98,p212,P212,"Innmarksbeite, daa"
99,p213,P213,"Andre grovfôrvekster til fôr, daa"
100,p223,P223,"Grønngjødsling, daa"
101,p230,P230,"Poteter, daa"
102,p231,P231,"Annet korn og frø som er berettiget tilskudd, daa"
103,p235,P235,"Engfrø og annen såfrøproduksjon, daa"
104,p236,P236,"Erter, bønner og andre belgvekster til modning, daa"
105,p237,P237,"Oljevekster, daa"
106,p238,P238,"Rug og rughvete, daa"
107,p239,P239,"Korn til krossing, daa"
108,p240,P240,"Vårhvete, daa"
109,p242,P242,"Bygg, daa"
110,p243,P243,"Havre, daa"
111,p245,P245,"Erter og bønner til konservesindustri (høstet før modning), daa"
112,p247,P247,"Høsthvete, daa"
113,p264,P264,"Grønnsaker på friland, inkl. matkålrot og urter, daa"
114,p271,P271,"Moreller og kirsebær, daa"
115,p272,P272,"Epler, daa"
116,p273,P273,"Pærer, daa"
117,p274,P274,"Plommer, daa"
118,p280,P280,"Jordbær, daa"
119,p282,P282,"Andre bærarter, daa"
120,p283,P283,"Andre fruktarter, daa"
121,p285,P285,"Planteskoleareal og blomsterdyrking på friland, daa"
122,p290,P290,"Brakka areal, daa"
123,p292,P292,"Fulldyrket og/eller overflatedyrket areal ute av drift, daa"
124,p293,P293,"Innmarksbeite, ute av drift, daa"
125,p294,P294,"Areal i drift, men ikke berettiget produksjonstilskudd, daa"
126,p410,P410,Melkekyr og ammekyr på utmarksbeite
127,p411,P411,Melkekyr og ammekyr på beite i minst 12/16 uker
128,p420,P420,Øvrige storfe på utmarksbeite
129,p422,P422,Øvrige storfe på beite i minst 12/16 uker
130,p431_sanket_utmarksbeite,P431 sanket utmarksbeite,"Sauer, født i fjor eller tidligere, sanket fra utmarksbeite"
131,p431_sluppet_utmarksbeite,P431 sluppet utmarksbeite,"Sauer, født i fjor eller tidligere, sluppet på utmarksbeite"
132,p432_sanket_utmarksbeite,P432 sanket utmarksbeite,"Lam, født i år, sanket fra utmarksbeite"
133,p432_sluppet_utmarksbeite,P432 sluppet utmarksbeite,"Lam, født i år, sluppet på utmarksbeite"
134,p440,P440,"Geiter, voksne og kje, på utmarksbeite"
135,p445,P445,"Geiter, voksne og kje, på beite i minst 12/16 uker"
136,p450,P450,Hester på utmarksbeite
137,p455,P455,Hester på beite i minst 12/16 uker
138,p480,P480,Lama på beite i minst 12/16 uker
139,p481,P481,Alpakka på beite i minst 12/16 uker
140,p486,P486,Hjort på beite i minst 12/16 uker
141,p487,P487,"Sauer, født i fjor eller tidligere, på beite i minst 12/16 uker"
142,p488,P488,"Lam, født i år, på beite i minst 12/16 uker"
143,p521,P521,"Salg av grovfôr, høy, kg"
144,p522,P522,"Salg av grovfôr, surfôr, kg"
145,p523,P523,"Salg av grovför, høyensilasje, kg"
146,p720,P720,Kyr av bevaringsverdig rase
147,p721,P721,Okser av bevaringsverdig rase
148,p722,P722,"Søyer av bevaringsverdig rase, født i fjor eller tidligere"
149,p723,P723,"Værer av bevaringsverdig rase, født i fjor eller tidligere"
150,p724,P724,Ammegeiter av bevaringsverdig rase
151,p725,P725,Unghester under 3 år av bevaringsverdig rase
152,p801_vaar,P801 vår,Økologiske melkekyr
153,p801_hoest,P801 høst,Økologiske melkekyr
154,p802_vaar,P802 vår,Økologiske ammekyr
155,p802_hoest,P802 høst,Økologiske ammekyr
156,p803_vaar,P803 vår,Økologiske øvrige storfe
157,p803_hoest,P803 høst,Økologiske øvrige storfe
158,p810_vaar,P810 vår,Økologiske melkegeiter
159,p810_hoest,P810 høst,Økologiske melkegeiter
160,p811_vaar,P811 vår,Økologiske ammegeiter
161,p821_vaar,P821 vår,Økologiske sauer født i fjor eller tidligere
162,p830_vaar,P830 vår,Økologiske avlsgriser
163,p830_hoest,P830 høst,Økologiske avlsgriser
164,p831,P831,"Økologiske slaktegriser, slaktet i søknadsåret"
165,p840,P840,"Økologiske kyllinger, slaktet i søknadsåret"
166,p841_vaar,P841 vår,Økologiske verpehøner
167,p841_hoest,P841 høst,Økologiske verpehøner
168,p852,P852,"Grønngjødsling, 2. års karens, daa"
169,p855,P855,"Korn til modning og krossing, økologisk samt 2. års karens, daa"
170,p861,P861,"Poteter, økologisk areal samt 2.års karens, daa"
171,p863,P863,"Frukt og bær, økologisk areal samt 2. års karens, daa"
172,p864,P864,"Grønnsaker, økologisk areal samt 2. års karens, daa"
173,p870,P870,"Grovfôrareal (unntatt innmarksbeite), økologisk areal samt 2. års karens, daa"
174,p871,P871,"Innmarksbeite, økologisk areal, daa"
175,p875,P875,"Grønngjødsling, økologisk areal, daa"
176,p876,P876,"Areal brakket for å bekjempe ugress, daa"
177,p880,P880,"Innmarksbeite i 1. års karens, daa"
178,p881,P881,"Grovfôrareal (unntatt innmarksbeite) i 1. års karens, daa"
179,p882,P882,"Annet areal i 1. års karens, daa"
180,arealtilskudd,Arealtilskudd,Arealtilskudd
181,avloesertilskudd,Tilskudd til avløsning ved ferie og fritid,Tilskudd til avløsning ved ferie og fritid
182,beitetilskudd,Tilskudd for dyr på beite,Tilskudd for dyr på beite
183,bevaringsverdige_husdyr_tilsku,Tilskudd for dyr av bevaringsverdige husdyrraser,Tilskudd for dyr av bevaringsverdige husdyrraser
184,distriktstilskudd_frukt_groent,"Distriktstilskudd for frukt, bær, veksthusgrønnsaker (inkl. salat på friland)","Distriktstilskudd for frukt, bær, veksthusgrønnsaker (inkl. salat på friland)"
185,distriktstilskudd_potet_gronns,Distriktstilskudd for matpotet og grønnsaker i Nord-Norge,Distriktstilskudd for matpotet og grønnsaker i Nord-Norge
186,husdyrtilskudd,Husdyrtilskudd,Husdyrtilskudd
187,kulturlandskapstilskudd,Kulturlandskapstilskudd,Kulturlandskapstilskudd
188,melkeproduksjon,Driftstilskudd til melkeproduksjon,Driftstilskudd til melkeproduksjon
189,oekologiskarealtilskudd,Arealtilskudd til økologisk landbruk,Arealtilskudd til økologisk landbruk
190,oekologiskhusdyrtilskudd,Tilskudd til økologisk husdyrproduksjon,Tilskudd til økologisk husdyrproduksjon
191,smaa_mellomstore_melkebruk,Tilskudd til små og mellomstore melkebruk,Tilskudd til små og mellomstore melkebruk
192,storfekjoettproduksjon,Driftstilskudd til spesialisert storfekjøttproduksjon,Driftstilskudd til spesialisert storfekjøttproduksjon
193,utmarksbeitetilskudd,Tilskudd for dyr på utmarksbeite,Tilskudd for dyr på utmarksbeite
194,bunnfradrag,Bunnfradrag,Bunnfradrag
